item_pk,item_id,report_pk,employee_id,report_id,employee_id-2,expense_type_name,expense_category_name,expense_category_code,bill_number,bill_date,bill_amount,tax_amount,amount_before_tax,bill_currency_id,payout_currency_id,exchange_rate,payout_amount,overridden_amount,overridden_tax_amount,overridden_reason,has_attachment,mileage_unit,mileage_quantity,mileage_rate_per_unit,mileage_original_rate_per_unit,mileage_overridden_quantity,item_status,report_status,auto_approved,approval_date,rejection_date,policy_id,rule_id,limit_per_claim,limit_per_day,limit_per_month,limit_per_quarter,limit_per_year,allow_beyond_limit,limit_scope,frequency_per_day,frequency_per_month,frequency_per_quarter,frequency_per_year,allow_beyond_frequency,configured_reviewer_chain,configured_reviewer_count,latest_remark,remark_count,last_workflow_action,last_review_level,last_remark_at,first_remark_at,report_level_remark,workflow_step_count,latest_workflow_step_id,latest_workflow_action_id,latest_step_status,latest_step_start_date,latest_step_due_date,latest_step_finish_date,latest_step_finish_minus_due,latest_step_owner_raw_id,latest_step_owner_type,latest_step_owner_employee_no,latest_step_owner_auth_user_id,latest_step_caller_raw_id,latest_step_caller_type,latest_step_caller_employee_no,latest_step_caller_auth_user_id,latest_step_remark_text,is_duplicate_flagged,duplicate_match_count,override_count,last_override_reason,last_overridden_at,item_created_on,item_updated_on,submission_date
888,e-31,361,794,EXP-361,794,D2,DUP,e,NULL,2026-07-16,170,NULL,NULL,1,1,0,0,NULL,NULL,NULL,FALSE,KM,5,34,NULL,NULL,Rejected,REJECTED,NULL,NULL,2026-07-16 10:23:47,fe10215e-667b-4de0-85b6-f54f79807643,e7b0cfe5-1a5d-4496-951a-088820425006,10000,NULL,NULL,NULL,NULL,TRUE,TYPE_CURRENCY_MATCHED,10,NULL,NULL,NULL,TRUE,Manager > Manager's Manager > Admin,3,NULL,1,REJECT,1,2026-07-16 10:23:47,2026-07-16 10:23:47,request level reject remarks,3,98,999,Rejected,2026-07-16 10:23:47,2026-07-16 10:23:48,NULL,NULL,794,EMPLOYEE,9007,NULL,792,EMPLOYEE,9005,NULL,NULL,FALSE,0,0,NULL,NULL,2026-07-16 10:19:12,2026-07-16 10:23:47,2026-07-16 10:19:44
885,LEARN-10,359,794,EXP-359,794,Certificates,Learning,LEARN,NULL,2026-07-01,22,NULL,NULL,1,1,0,0,NULL,NULL,NULL,TRUE,NULL,NULL,NULL,NULL,NULL,Accepted,ACCEPTED,TRUE,2026-07-16 10:12:22,NULL,cd117717-413d-4aac-8b5f-a8d3da8b6d96,8b66c513-c425-4cfd-83b5-67db99241f1b,100,NULL,NULL,NULL,NULL,TRUE,TYPE_CURRENCY_MATCHED,2,NULL,NULL,NULL,TRUE,Manager,1,NULL,0,NULL,NULL,NULL,NULL,This request is automatically accepted by the system,2,96,997,Accepted,2026-07-16 10:12:22,2026-07-16 10:12:23,NULL,NULL,794,EMPLOYEE,9007,NULL,794,EMPLOYEE,9007,NULL,NULL,FALSE,0,0,NULL,NULL,2026-07-16 10:11:57,2026-07-16 10:12:23,2026-07-16 10:12:22
884,LEARN-9,359,794,EXP-359,794,Certificates,Learning,LEARN,NULL,2026-07-01,50,NULL,NULL,1,1,0,0,NULL,NULL,NULL,TRUE,NULL,NULL,NULL,NULL,NULL,Accepted,ACCEPTED,TRUE,2026-07-16 10:12:22,NULL,cd117717-413d-4aac-8b5f-a8d3da8b6d96,8b66c513-c425-4cfd-83b5-67db99241f1b,100,NULL,NULL,NULL,NULL,TRUE,TYPE_CURRENCY_MATCHED,2,NULL,NULL,NULL,TRUE,Manager,1,NULL,0,NULL,NULL,NULL,NULL,This request is automatically accepted by the system,2,96,997,Accepted,2026-07-16 10:12:22,2026-07-16 10:12:23,NULL,NULL,794,EMPLOYEE,9007,NULL,794,EMPLOYEE,9007,NULL,NULL,FALSE,0,0,NULL,NULL,2026-07-16 10:11:05,2026-07-16 10:12:23,2026-07-16 10:12:22
883,LEARN-8,358,794,EXP-358,794,Books v2,Learning,LEARN,NULL,2026-07-09,11,NULL,NULL,1,1,0,0,NULL,NULL,NULL,TRUE,NULL,NULL,NULL,NULL,NULL,Accepted,ACCEPTED,TRUE,2026-07-16 10:10:51,NULL,cd117717-413d-4aac-8b5f-a8d3da8b6d96,8b66c513-c425-4cfd-83b5-67db99241f1b,100,NULL,NULL,NULL,NULL,TRUE,TYPE_CURRENCY_MATCHED,2,NULL,NULL,NULL,TRUE,Manager,1,NULL,0,NULL,NULL,NULL,NULL,This request is automatically accepted by the system,2,96,997,Accepted,2026-07-16 10:10:51,2026-07-16 10:10:52,NULL,NULL,794,EMPLOYEE,9007,NULL,794,EMPLOYEE,9007,NULL,NULL,FALSE,0,0,NULL,NULL,2026-07-16 10:10:40,2026-07-16 10:10:52,2026-07-16 10:10:51
882,LEARN-7,358,794,EXP-358,794,Books v2,Learning,LEARN,NULL,2026-07-01,11,NULL,NULL,1,1,0,0,NULL,NULL,NULL,TRUE,NULL,NULL,NULL,NULL,NULL,Accepted,ACCEPTED,TRUE,2026-07-16 10:10:51,NULL,cd117717-413d-4aac-8b5f-a8d3da8b6d96,8b66c513-c425-4cfd-83b5-67db99241f1b,100,NULL,NULL,NULL,NULL,TRUE,TYPE_CURRENCY_MATCHED,2,NULL,NULL,NULL,TRUE,Manager,1,NULL,0,NULL,NULL,NULL,NULL,This request is automatically accepted by the system,2,96,997,Accepted,2026-07-16 10:10:51,2026-07-16 10:10:52,NULL,NULL,794,EMPLOYEE,9007,NULL,794,EMPLOYEE,9007,NULL,NULL,FALSE,0,0,NULL,NULL,2026-07-16 10:10:18,2026-07-16 10:10:52,2026-07-16 10:10:51
881,LEARN-6,357,794,EXP-357,794,Certificates,Learning,LEARN,237017289206071,2026-07-16,182,NULL,NULL,1,1,0,0,NULL,NULL,NULL,TRUE,NULL,NULL,NULL,NULL,NULL,Accepted,ACCEPTED,NULL,2026-07-16 8:40:54,NULL,cd117717-413d-4aac-8b5f-a8d3da8b6d96,240a4fea-7ed1-4b88-9cc8-2cf65a52f1e2,100,NULL,NULL,NULL,NULL,TRUE,TYPE_CURRENCY_MATCHED,2,NULL,NULL,NULL,TRUE,Manager,1,Mani's Cafe,1,ACCEPT,1,2026-07-16 8:40:54,2026-07-16 8:40:54,request level remark,3,96,997,Accepted,2026-07-16 8:40:54,2026-07-16 8:40:56,NULL,NULL,794,EMPLOYEE,9007,NULL,792,EMPLOYEE,9005,NULL,NULL,FALSE,0,0,NULL,NULL,2026-07-16 8:39:11,2026-07-16 8:40:54,2026-07-16 8:39:21
880,e-28,361,794,EXP-361,794,D1,DUP,e,237017289206071,2026-07-16,182,NULL,NULL,1,1,0,0,NULL,NULL,NULL,TRUE,NULL,NULL,NULL,NULL,NULL,Rejected,REJECTED,NULL,NULL,2026-07-16 10:23:47,fe10215e-667b-4de0-85b6-f54f79807643,e7b0cfe5-1a5d-4496-951a-088820425006,10000,NULL,NULL,NULL,NULL,TRUE,TYPE_CURRENCY_MATCHED,10,NULL,NULL,NULL,TRUE,Manager > Manager's Manager > Admin,3,Mani's Cafe,1,REJECT,1,2026-07-16 10:23:47,2026-07-16 10:23:47,request level reject remarks,3,98,999,Rejected,2026-07-16 10:23:47,2026-07-16 10:23:48,NULL,NULL,794,EMPLOYEE,9007,NULL,792,EMPLOYEE,9005,NULL,NULL,TRUE,1,0,NULL,NULL,2026-07-16 4:55:28,2026-07-16 10:23:47,2026-07-16 10:19:44
860,LEARN-4,349,1,EXP-349,1,Books v2,Learning,LEARN,20,2026-07-02,89,NULL,NULL,1,1,0,0,NULL,NULL,NULL,TRUE,NULL,NULL,NULL,NULL,NULL,Accepted,ACCEPTED,TRUE,2026-07-10 10:28:54,NULL,cd117717-413d-4aac-8b5f-a8d3da8b6d96,8b66c513-c425-4cfd-83b5-67db99241f1b,100,NULL,NULL,NULL,NULL,TRUE,TYPE_CURRENCY_MATCHED,2,NULL,NULL,NULL,TRUE,Manager,1,NULL,0,NULL,NULL,NULL,NULL,This request is automatically accepted by the system,2,96,997,Accepted,2026-07-10 10:28:54,2026-07-10 10:28:54,NULL,NULL,1,EMPLOYEE,5002,NULL,1,EMPLOYEE,5002,NULL,NULL,TRUE,1,0,NULL,NULL,2026-07-10 10:24:36,2026-07-10 10:28:54,2026-07-10 10:28:53
857,LEARN-2,348,25,EXP-348,25,Books v2,Learning,LEARN,1212,2026-07-01,12,NULL,NULL,1,1,0,0,NULL,NULL,NULL,TRUE,NULL,NULL,NULL,NULL,NULL,Accepted,ACCEPTED,TRUE,2026-07-10 6:57:21,NULL,cd117717-413d-4aac-8b5f-a8d3da8b6d96,8b66c513-c425-4cfd-83b5-67db99241f1b,100,NULL,NULL,NULL,NULL,TRUE,TYPE_CURRENCY_MATCHED,2,NULL,NULL,NULL,TRUE,Manager,1,333,0,NULL,NULL,NULL,NULL,This request is automatically accepted by the system,2,96,997,Accepted,2026-07-10 6:57:21,2026-07-10 6:57:21,NULL,NULL,25,EMPLOYEE,5003,NULL,25,EMPLOYEE,5003,NULL,NULL,TRUE,1,0,NULL,NULL,2026-07-10 6:56:50,2026-07-10 6:57:21,2026-07-10 6:57:21
844,FX-28,343,794,EXP-343,794,F2,Forex,FX,NULL,2026-07-07,283.5,NULL,NULL,42,42,0,0,NULL,NULL,NULL,FALSE,MILE,50,5.67,NULL,NULL,Accepted,ACCEPTED,NULL,2026-07-09 6:05:39,NULL,1d81e9ca-1eea-4ec3-9227-7dfd5402d655,9c67c4ed-dac0-4a87-97bc-96fab32ec73d,NULL,300,NULL,NULL,NULL,TRUE,TYPE_CURRENCY_MATCHED,10,NULL,NULL,NULL,TRUE,Manager > Admin,2,NULL,0,NULL,NULL,NULL,NULL,NULL,4,96,997,Accepted,2026-07-09 6:05:39,2026-07-09 6:05:40,NULL,NULL,794,EMPLOYEE,9007,NULL,-2,SYSTEM_USER,NULL,2,NULL,FALSE,0,0,NULL,NULL,2026-07-07 7:07:50,2026-07-09 6:05:39,2026-07-07 7:08:24
839,SSMM-3,337,8191,EXP-337,8191,Instruction test,Smk trial,SSMM,NULL,2026-07-07,200,NULL,NULL,1,1,0,0,NULL,NULL,NULL,TRUE,NULL,NULL,NULL,NULL,NULL,Rejected,REJECTED,NULL,NULL,2026-07-14 11:53:10,58b8ec12-83dc-4e3e-b55a-1e0e043cce06,aa951068-f85f-4a18-8d75-cff8cb643847,40,NULL,NULL,NULL,NULL,TRUE,TYPE_CURRENCY_MATCHED,4,50,NULL,NULL,TRUE,majordomo,1,NULL,1,REJECT,1,2026-07-14 11:53:10,2026-07-14 11:53:10,Testing rejection,3,98,999,Rejected,2026-07-14 11:53:10,2026-07-14 11:53:14,NULL,NULL,8191,EMPLOYEE,9011,NULL,-1,SYSTEM_USER,NULL,1,NULL,FALSE,0,0,NULL,NULL,2026-07-07 6:23:47,2026-07-14 11:53:10,2026-07-07 6:24:16
831,IB-26,332,794,EXP-332,794,Custom field for UAT,INTERNET BILLS,IB,555,2026-07-06,66,NULL,NULL,1,1,0,0,NULL,NULL,NULL,FALSE,NULL,NULL,NULL,NULL,NULL,Accepted,ACCEPTED,NULL,2026-07-09 6:06:42,NULL,250d9c1c-28c4-4192-ad6f-39fce2698b7a,66b84259-6a9c-4df2-b69b-019ed014060f,NULL,1000,NULL,NULL,NULL,TRUE,TYPE_CURRENCY_MATCHED,NULL,NULL,NULL,100,TRUE,Manager,1,test,0,NULL,NULL,NULL,NULL,NULL,3,96,997,Accepted,2026-07-09 6:06:42,2026-07-09 6:06:44,NULL,NULL,794,EMPLOYEE,9007,NULL,-2,SYSTEM_USER,NULL,2,NULL,TRUE,1,0,NULL,NULL,2026-07-06 15:45:30,2026-07-09 6:06:42,2026-07-06 15:46:40
810,ET-26,333,794,EXP-333,794,ET1mileage,Entitlement,ET,555,2026-07-06,230,NULL,NULL,1,1,0,0,NULL,NULL,NULL,FALSE,KM,23,10,NULL,NULL,Accepted,ACCEPTED,NULL,2026-07-09 6:06:42,NULL,77cdf186-4e3f-4122-8021-bb8550602e55,635d7e2f-2cee-4cca-985a-026cf7beb83a,NULL,NULL,NULL,NULL,NULL,TRUE,TYPE_CURRENCY_MATCHED,5,NULL,NULL,NULL,TRUE,Manager > Manager's Manager > Admin,3,NULL,0,NULL,NULL,NULL,NULL,NULL,3,96,997,Accepted,2026-07-09 6:06:42,2026-07-09 6:06:44,NULL,NULL,794,EMPLOYEE,9007,NULL,-2,SYSTEM_USER,NULL,2,NULL,FALSE,0,0,NULL,NULL,2026-07-06 10:37:07,2026-07-09 6:06:42,2026-07-06 15:46:42
782,WCF-53,330,5,EXP-330,5,Custom REG,Web Custom Fields,WCF,SG0307,2026-07-01,100,NULL,NULL,1,1,0,0,101,NULL,100 to 101,TRUE,NULL,NULL,NULL,NULL,NULL,Accepted,PAYMENT_REVERSED,NULL,2026-07-03 14:59:03,NULL,a24fe5dc-8b87-4f9d-806d-8e4afe10292f,d8ed5420-966a-4fa4-91f7-62b794c9d0dd,NULL,NULL,NULL,NULL,NULL,TRUE,TYPE_CURRENCY_MATCHED,NULL,NULL,NULL,1,TRUE,Manager > majordomo,2,Testing regression custom,2,ACCEPT,2,2026-07-03 14:59:03,2026-07-03 14:57:26,forward,4,96,997,Accepted,2026-07-03 14:59:03,2026-07-03 14:59:04,NULL,NULL,5,EMPLOYEE,5014,NULL,-2,SYSTEM_USER,NULL,2,NULL,FALSE,0,1,100 to 101,2026-07-03 14:59:03,2026-07-03 14:44:53,2026-07-09 4:47:20,2026-07-03 14:51:28
776,e-11,326,1,EXP-326,1,D1,DUP,e,D3,2026-07-03,45,NULL,NULL,1,1,0,0,NULL,NULL,NULL,TRUE,NULL,NULL,NULL,NULL,NULL,Rejected,REJECTED,NULL,NULL,2026-07-03 13:48:14,fe10215e-667b-4de0-85b6-f54f79807643,e7b0cfe5-1a5d-4496-951a-088820425006,10000,NULL,NULL,NULL,NULL,TRUE,TYPE_CURRENCY_MATCHED,10,NULL,NULL,NULL,TRUE,Manager > Manager's Manager > Admin,3,NULL,1,REJECT,1,2026-07-03 13:48:14,2026-07-03 13:48:14,SD,3,98,999,Rejected,2026-07-03 13:48:14,2026-07-03 13:48:15,NULL,NULL,1,EMPLOYEE,5002,NULL,5,EMPLOYEE,5014,NULL,NULL,FALSE,0,0,NULL,NULL,2026-07-03 13:47:09,2026-07-03 13:48:14,2026-07-03 13:47:37
748,SM-2,311,1,EXP-311,1,Spurti 0307 KM,Spurti M,SM,303,2026-07-03,1200,NULL,NULL,1,1,0,0,5600,NULL,Changed both to 70 and 80,TRUE,KM,40,80,30,40,Accepted,PAYMENT_REVERSED,NULL,2026-07-03 13:38:18,NULL,38459d2f-b099-497c-b545-d473b67b06de,44cdeec1-cf2e-4066-a745-fa82b6dc8d28,NULL,NULL,NULL,NULL,NULL,TRUE,TYPE_CURRENCY_MATCHED,NULL,NULL,NULL,NULL,TRUE,Manager > Admin,2,Aplied 40,0,NULL,NULL,NULL,NULL,Accepted,4,96,997,Accepted,2026-07-03 13:38:18,2026-07-03 13:38:19,NULL,NULL,1,EMPLOYEE,5002,NULL,-2,SYSTEM_USER,NULL,2,NULL,FALSE,0,2,Changed both to 70 and 80,2026-07-03 13:38:18,2026-07-03 10:24:55,2026-07-09 4:49:38,2026-07-03 10:25:21
719,SE-9,302,8193,EXP-302,8193,Bus,Spurti Expense Overwrite new,SE,80,2026-07-03,30000,NULL,NULL,1,1,1,30000,NULL,NULL,NULL,TRUE,MILE,600,50,NULL,NULL,Accepted,PAYMENT_REVERSED,TRUE,2026-07-03 7:20:51,NULL,2866e1ac-05b0-4cc8-a4f7-3a55e4620a42,da2266a2-7dcf-4f3c-bae4-bcbf6843440e,NULL,NULL,NULL,NULL,NULL,TRUE,TYPE_CURRENCY_MATCHED,NULL,NULL,NULL,NULL,TRUE,Admin,1,NULL,0,NULL,NULL,NULL,NULL,This request is automatically accepted by the system,2,96,997,Accepted,2026-07-03 7:20:51,2026-07-03 7:20:52,NULL,NULL,8193,EMPLOYEE,9013,NULL,8193,EMPLOYEE,9013,NULL,NULL,FALSE,0,0,NULL,NULL,2026-07-03 7:18:10,2026-07-09 4:48:57,2026-07-03 7:20:50
718,ET-25,303,411,EXP-303,411,ET1mileage,Entitlement,ET,NULL,2026-07-01,10,NULL,NULL,1,1,0,0,NULL,NULL,NULL,TRUE,KM,1,10,NULL,NULL,Accepted,PAYMENT_REVERSED,TRUE,2026-07-03 7:24:12,NULL,77cdf186-4e3f-4122-8021-bb8550602e55,635d7e2f-2cee-4cca-985a-026cf7beb83a,NULL,NULL,NULL,NULL,NULL,TRUE,TYPE_CURRENCY_MATCHED,5,NULL,NULL,NULL,TRUE,Manager > Manager's Manager > Admin,3,NULL,0,NULL,NULL,NULL,NULL,This request is automatically accepted by the system as the submitter is the top-level manager.,2,96,997,Accepted,2026-07-03 7:24:12,2026-07-03 7:24:12,NULL,NULL,411,EMPLOYEE,1114,NULL,411,EMPLOYEE,1114,NULL,NULL,FALSE,0,0,NULL,NULL,2026-07-03 7:09:33,2026-07-08 12:21:15,2026-07-03 7:24:11
711,ET-24,341,411,EXP-341,411,ET1mileage,Entitlement,ET,NULL,2026-07-02,600,NULL,NULL,1,1,0,0,NULL,NULL,NULL,FALSE,KM,60,10,NULL,NULL,Accepted,PAYMENT_REVERSED,TRUE,2026-07-07 6:49:47,NULL,77cdf186-4e3f-4122-8021-bb8550602e55,635d7e2f-2cee-4cca-985a-026cf7beb83a,NULL,NULL,NULL,NULL,NULL,TRUE,TYPE_CURRENCY_MATCHED,5,NULL,NULL,NULL,TRUE,Manager > Manager's Manager > Admin,3,NULL,0,NULL,NULL,NULL,NULL,This request is automatically accepted by the system as the submitter is the top-level manager.,2,96,997,Accepted,2026-07-07 6:49:47,2026-07-07 6:49:47,NULL,NULL,411,EMPLOYEE,1114,NULL,411,EMPLOYEE,1114,NULL,NULL,FALSE,0,0,NULL,NULL,2026-07-03 4:44:24,2026-07-08 12:21:15,2026-07-07 6:49:47
709,ET-23,300,411,EXP-300,411,ET1mileage,Entitlement,ET,NULL,2026-07-01,10,NULL,NULL,1,1,0,0,NULL,NULL,NULL,TRUE,KM,1,10,NULL,NULL,Accepted,PAYMENT_REVERSED,TRUE,2026-07-03 4:42:28,NULL,77cdf186-4e3f-4122-8021-bb8550602e55,635d7e2f-2cee-4cca-985a-026cf7beb83a,NULL,NULL,NULL,NULL,NULL,TRUE,TYPE_CURRENCY_MATCHED,5,NULL,NULL,NULL,TRUE,Manager > Manager's Manager > Admin,3,NULL,0,NULL,NULL,NULL,NULL,This request is automatically accepted by the system as the submitter is the top-level manager.,2,96,997,Accepted,2026-07-03 4:42:28,2026-07-03 4:42:28,NULL,NULL,411,EMPLOYEE,1114,NULL,411,EMPLOYEE,1114,NULL,NULL,FALSE,0,0,NULL,NULL,2026-07-03 4:41:59,2026-07-08 12:21:15,2026-07-03 4:42:27
643,DM-114,277,411,EXP-277,411,Mobile/wifi,daily monthly expense,DM,NULL,2026-07-01,22,NULL,NULL,1,1,1,22,NULL,NULL,NULL,TRUE,NULL,NULL,NULL,NULL,NULL,Accepted,PAID,TRUE,2026-07-01 6:56:26,NULL,60f0f5cf-67cc-4714-b5e4-27b69e4dff02,ac496cd2-b0f1-47b3-85fd-b8e7ca24aaa3,500,NULL,1000,NULL,NULL,TRUE,TYPE_CURRENCY_MATCHED,5,NULL,NULL,NULL,TRUE,Manager > Manager's Manager > Admin,3,NULL,0,NULL,NULL,NULL,NULL,This request is automatically accepted by the system as the submitter is the top-level manager.,2,96,997,Accepted,2026-07-01 6:56:26,2026-07-01 6:56:27,NULL,NULL,411,EMPLOYEE,1114,NULL,411,EMPLOYEE,1114,NULL,NULL,FALSE,0,0,NULL,NULL,2026-07-01 6:54:38,2026-07-09 11:28:07,2026-07-01 6:56:26
621,SP-5,264,8193,EXP-264,8193,Team lunch spurti-amount,Spurti Test Policy,SP,123,2026-06-30,4000,NULL,NULL,1,1,0,0,NULL,NULL,NULL,TRUE,NULL,NULL,NULL,NULL,NULL,Accepted,ACCEPTED,TRUE,2026-06-30 12:15:55,NULL,af6f1ba6-1529-4879-86a0-322787028358,16a762f2-56dc-4f64-94e1-b99de160c0f2,NULL,NULL,NULL,NULL,NULL,TRUE,TYPE_CURRENCY_MATCHED,NULL,25,NULL,NULL,TRUE,Admin,1,One time frequency. Kindly approve,0,NULL,NULL,NULL,NULL,This request is automatically accepted by the system,2,96,997,Accepted,2026-06-30 12:15:55,2026-06-30 12:15:55,NULL,NULL,8193,EMPLOYEE,9013,NULL,8193,EMPLOYEE,9013,NULL,NULL,TRUE,3,0,NULL,NULL,2026-06-30 12:12:33,2026-07-06 11:42:06,2026-06-30 12:15:54
537,IB-6,237,8193,EXP-237,8193,Custom field for UAT,INTERNET BILLS,IB,df,2026-06-02,34,NULL,NULL,1,1,1,34,NULL,NULL,NULL,FALSE,NULL,NULL,NULL,NULL,NULL,Accepted,ACCEPTED,NULL,2026-06-24 13:27:39,NULL,250d9c1c-28c4-4192-ad6f-39fce2698b7a,66b84259-6a9c-4df2-b69b-019ed014060f,NULL,1000,NULL,NULL,NULL,TRUE,TYPE_CURRENCY_MATCHED,NULL,NULL,NULL,100,TRUE,Manager,1,dfd,0,NULL,NULL,NULL,NULL,NULL,3,96,997,Accepted,2026-06-24 13:27:39,2026-06-24 13:27:41,NULL,NULL,8193,EMPLOYEE,9013,NULL,2339,EMPLOYEE,30,NULL,NULL,FALSE,0,0,NULL,NULL,2026-06-24 13:23:44,2026-07-03 10:14:49,2026-06-24 13:24:50
528,IB-4,234,8193,EXP-234,8193,Custom field for UAT,INTERNET BILLS,IB,342,2026-06-01,434,NULL,NULL,1,1,1,434,NULL,NULL,NULL,TRUE,NULL,NULL,NULL,NULL,NULL,Accepted,ACCEPTED,NULL,2026-06-24 12:59:46,NULL,250d9c1c-28c4-4192-ad6f-39fce2698b7a,66b84259-6a9c-4df2-b69b-019ed014060f,NULL,1000,NULL,NULL,NULL,TRUE,TYPE_CURRENCY_MATCHED,NULL,NULL,NULL,100,TRUE,Manager,1,NULL,0,NULL,NULL,NULL,NULL,NULL,3,96,997,Accepted,2026-06-24 12:59:46,2026-06-24 12:59:48,NULL,NULL,8193,EMPLOYEE,9013,NULL,2339,EMPLOYEE,30,NULL,NULL,FALSE,0,0,NULL,NULL,2026-06-24 12:51:15,2026-07-03 10:00:05,2026-06-24 12:56:39
462,FT-30,207,8192,EXP-207,8192,multipleCurrency,ForexTesting,FT,NULL,2026-06-22,12,NULL,NULL,2,2,1,15,15,NULL,test,FALSE,NULL,NULL,NULL,NULL,NULL,Accepted,ACCEPTED,NULL,2026-06-22 10:33:23,NULL,e3cd3a0d-b612-4881-9794-875b6424bb71,2186d803-11a0-45d9-9533-c7eecf52f192,NULL,5000,5000,NULL,5000,FALSE,TYPE_CURRENCY_MATCHED,5,NULL,NULL,NULL,TRUE,Manager > Admin,2,NULL,0,NULL,NULL,NULL,NULL,testing bug,4,96,997,Accepted,2026-06-22 10:33:23,2026-06-22 10:33:24,NULL,NULL,8192,EMPLOYEE,9012,NULL,-2,SYSTEM_USER,NULL,2,NULL,FALSE,0,1,test,2026-06-22 10:31:39,2026-06-22 10:29:30,2026-06-22 10:33:23,2026-06-22 10:29:39
459,F-71,206,8192,EXP-206,8192,Edge1,Forex edge,F,NULL,2026-06-22,20,NULL,NULL,1,1,1,20,NULL,NULL,NULL,FALSE,NULL,NULL,NULL,NULL,NULL,Accepted,PAYMENT_REVERSED,NULL,2026-06-22 6:55:33,NULL,74afec46-26da-44b8-9fc6-25d3dbd5c51e,c2535d85-817f-4061-a65f-03848308a0d7,NULL,1000,NULL,NULL,NULL,FALSE,TYPE_CURRENCY_MATCHED,10,NULL,NULL,NULL,TRUE,Manager > Admin,2,NULL,1,ACCEPT,2,2026-06-22 6:55:33,2026-06-22 6:55:33,test,4,96,997,Accepted,2026-06-22 6:55:33,2026-06-22 6:55:35,NULL,NULL,8192,EMPLOYEE,9012,NULL,-1,SYSTEM_USER,NULL,1,NULL,FALSE,0,0,NULL,NULL,2026-06-22 6:47:37,2026-06-22 7:26:41,2026-06-22 6:47:46
449,WCF-31,203,8192,EXP-203,8192,C1,Web Custom Fields,WCF,NULL,2026-06-11,44,NULL,NULL,1,1,0,0,NULL,NULL,NULL,TRUE,NULL,NULL,NULL,NULL,NULL,Rejected,REJECTED,NULL,NULL,2026-06-22 4:21:14,92550d13-d736-4ae3-9a5a-ff19c08372f7,d2ad9a87-5b64-4977-8c8c-68b5d997beb1,NULL,500,NULL,NULL,NULL,TRUE,TYPE_CURRENCY_MATCHED,5,NULL,NULL,NULL,TRUE,Manager > Manager's Manager > Admin,3,NULL,1,REJECT,1,2026-06-22 4:21:14,2026-06-22 4:21:14,Test remarks,3,98,999,Rejected,2026-06-22 4:21:14,2026-06-22 4:21:16,NULL,NULL,8192,EMPLOYEE,9012,NULL,-2,SYSTEM_USER,NULL,2,NULL,FALSE,0,0,NULL,NULL,2026-06-22 4:09:16,2026-07-03 15:02:41,2026-06-22 4:18:19
440,DM-108,197,8192,EXP-197,8192,petrol1,daily monthly expense,DM,NULL,2026-06-19,1000,NULL,NULL,2,2,1,1000,NULL,NULL,NULL,FALSE,KM,10,100,NULL,NULL,Accepted,PAYMENT_REVERSED,NULL,2026-06-19 6:55:58,NULL,2be8c435-320d-4861-a824-808185ef9b35,56a0fbcf-06ec-48fc-badc-5968f38016b9,NULL,5000,5000,NULL,5000,TRUE,TYPE_CURRENCY_MATCHED,1,1,NULL,1,TRUE,Manager > Admin,2,NULL,0,NULL,NULL,NULL,NULL,NULL,4,96,997,Accepted,2026-06-19 6:55:58,2026-06-19 6:56:00,NULL,NULL,8192,EMPLOYEE,9012,NULL,-2,SYSTEM_USER,NULL,2,NULL,FALSE,0,0,NULL,NULL,2026-06-19 6:43:08,2026-06-22 7:26:41,2026-06-19 6:43:23
417,WCF-22,192,8193,EXP-192,8193,C3,Web Custom Fields,WCF,NULL,2026-06-10,9,NULL,NULL,1,1,1,9,NULL,NULL,NULL,TRUE,NULL,NULL,NULL,NULL,NULL,Accepted,ACCEPTED,NULL,2026-06-17 15:38:23,NULL,18a35ce8-791f-4846-8898-7f8904175877,119c27e4-74f9-4a67-97f2-da6823f2eca7,NULL,500,NULL,NULL,NULL,TRUE,TYPE_CURRENCY_MATCHED,5,NULL,NULL,NULL,TRUE,Manager > Admin,2,NULL,0,NULL,NULL,NULL,NULL,NULL,3,96,997,Accepted,2026-06-17 15:38:23,2026-06-17 15:38:26,NULL,NULL,8193,EMPLOYEE,9013,NULL,-2,SYSTEM_USER,NULL,2,NULL,FALSE,0,0,NULL,NULL,2026-06-17 15:32:31,2026-07-02 16:56:41,2026-06-17 15:36:03
344,DM-89,169,8191,EXP-169,8191,Mobile/wifi,daily monthly expense,DM,EXX2,2026-06-10,100,NULL,NULL,1,1,0,0,NULL,NULL,NULL,TRUE,NULL,NULL,NULL,NULL,NULL,Rejected,REJECTED,NULL,NULL,2026-06-10 9:52:46,ad4883cd-baa7-4276-abf9-04e3a67a70e9,dcc24164-824e-4a31-80aa-6f1999214a8c,NULL,1000,1000,NULL,10000,TRUE,TYPE_CURRENCY_MATCHED,10,NULL,NULL,NULL,TRUE,Manager > Manager's Manager > Admin,3,NULL,1,REJECT,1,2026-06-10 9:52:46,2026-06-10 9:52:46,S,3,98,999,Rejected,2026-06-10 9:52:46,2026-06-10 9:52:48,NULL,NULL,8191,EMPLOYEE,9011,NULL,8192,EMPLOYEE,9012,NULL,NULL,TRUE,1,0,NULL,NULL,2026-06-10 9:46:17,2026-07-06 11:48:15,2026-06-10 9:46:53
331,LD-27,159,1,EXP-159,1,Books,Learning and Development,LD,bill 2,2026-06-09,10,NULL,NULL,1,1,1,10,NULL,NULL,NULL,FALSE,NULL,NULL,NULL,NULL,NULL,Accepted,ACCEPTED,NULL,2026-06-09 11:27:37,NULL,8c652141-296c-40dc-b576-34b097dde361,fbaf80a6-a2e5-4bf9-911e-83bd81bda94f,NULL,10000,10000,NULL,99999,TRUE,TYPE_CURRENCY_MATCHED,10,NULL,NULL,NULL,TRUE,Manager,1,NULL,0,NULL,NULL,NULL,NULL,report level submission,3,96,997,Accepted,2026-06-09 11:27:37,2026-06-09 11:27:38,NULL,NULL,1,EMPLOYEE,5002,NULL,5,EMPLOYEE,5014,NULL,NULL,FALSE,0,0,NULL,NULL,2026-06-09 11:26:03,2026-06-09 11:27:37,2026-06-09 11:26:06
330,LD-26,159,1,EXP-159,1,Books,Learning and Development,LD,bill new books,2026-06-09,10,NULL,NULL,1,1,1,10,NULL,NULL,NULL,FALSE,NULL,NULL,NULL,NULL,NULL,Accepted,ACCEPTED,NULL,2026-06-09 11:27:37,NULL,8c652141-296c-40dc-b576-34b097dde361,fbaf80a6-a2e5-4bf9-911e-83bd81bda94f,NULL,10000,10000,NULL,99999,TRUE,TYPE_CURRENCY_MATCHED,10,NULL,NULL,NULL,TRUE,Manager,1,NULL,0,NULL,NULL,NULL,NULL,report level submission,3,96,997,Accepted,2026-06-09 11:27:37,2026-06-09 11:27:38,NULL,NULL,1,EMPLOYEE,5002,NULL,5,EMPLOYEE,5014,NULL,NULL,FALSE,0,0,NULL,NULL,2026-06-09 11:25:44,2026-06-09 11:27:37,2026-06-09 11:26:06
329,DM-86,157,1,EXP-157,1,petrol1,daily monthly expense,DM,bill2,2026-06-09,200,NULL,NULL,2,2,0,0,NULL,NULL,NULL,FALSE,KM,2,100,NULL,NULL,Rejected,REJECTED,NULL,NULL,2026-06-09 11:15:28,2be8c435-320d-4861-a824-808185ef9b35,56a0fbcf-06ec-48fc-badc-5968f38016b9,NULL,5000,5000,NULL,5000,TRUE,TYPE_CURRENCY_MATCHED,1,1,NULL,1,TRUE,Manager > Admin,2,NULL,1,REJECT,1,2026-06-09 11:15:28,2026-06-09 11:15:28,report level rejection,3,98,999,Rejected,2026-06-09 11:15:28,2026-06-09 11:15:30,NULL,NULL,1,EMPLOYEE,5002,NULL,5,EMPLOYEE,5014,NULL,NULL,FALSE,0,0,NULL,NULL,2026-06-09 11:08:39,2026-06-09 11:15:28,2026-06-09 11:08:42
328,DM-85,157,1,EXP-157,1,petrol1,daily monthly expense,DM,bill 3,2026-06-09,200,NULL,NULL,2,2,0,0,NULL,NULL,NULL,FALSE,KM,2,100,NULL,NULL,Rejected,REJECTED,NULL,NULL,2026-06-09 11:15:28,2be8c435-320d-4861-a824-808185ef9b35,56a0fbcf-06ec-48fc-badc-5968f38016b9,NULL,5000,5000,NULL,5000,TRUE,TYPE_CURRENCY_MATCHED,1,1,NULL,1,TRUE,Manager > Admin,2,NULL,1,REJECT,1,2026-06-09 11:15:28,2026-06-09 11:15:28,report level rejection,3,98,999,Rejected,2026-06-09 11:15:28,2026-06-09 11:15:30,NULL,NULL,1,EMPLOYEE,5002,NULL,5,EMPLOYEE,5014,NULL,NULL,FALSE,0,0,NULL,NULL,2026-06-09 11:08:14,2026-06-09 11:15:28,2026-06-09 11:08:42
327,DM-84,157,1,EXP-157,1,petrol1,daily monthly expense,DM,bill new,2026-06-09,100,NULL,NULL,2,2,0,0,NULL,NULL,NULL,FALSE,KM,1,100,NULL,NULL,Rejected,REJECTED,NULL,NULL,2026-06-09 11:15:28,2be8c435-320d-4861-a824-808185ef9b35,56a0fbcf-06ec-48fc-badc-5968f38016b9,NULL,5000,5000,NULL,5000,TRUE,TYPE_CURRENCY_MATCHED,1,1,NULL,1,TRUE,Manager > Admin,2,NULL,1,REJECT,1,2026-06-09 11:15:28,2026-06-09 11:15:28,report level rejection,3,98,999,Rejected,2026-06-09 11:15:28,2026-06-09 11:15:30,NULL,NULL,1,EMPLOYEE,5002,NULL,5,EMPLOYEE,5014,NULL,NULL,FALSE,0,0,NULL,NULL,2026-06-09 11:07:55,2026-06-09 11:15:28,2026-06-09 11:08:42
281,DM-62,148,17,EXP-148,17,petrol,daily monthly expense,DM,VISH_3,2026-05-26,100,NULL,NULL,1,1,1,100,NULL,NULL,NULL,TRUE,MILE,1,100,NULL,NULL,Accepted,ACCEPTED,NULL,2026-05-26 5:54:39,NULL,bfc0a0e3-32b2-408d-a659-851b55fba649,847e2a41-a255-4f56-bca0-6f23cbedfafb,NULL,10000,10000,NULL,10000,TRUE,TYPE_CURRENCY_MATCHED,10,10,NULL,10,TRUE,Manager > Manager's Manager > Admin,3,NULL,0,NULL,NULL,NULL,NULL,NULL,5,96,997,Accepted,2026-05-26 5:54:39,2026-05-26 5:54:40,NULL,NULL,17,EMPLOYEE,5029,NULL,-1,SYSTEM_USER,NULL,1,NULL,FALSE,0,0,NULL,NULL,2026-05-26 5:30:09,2026-06-03 7:19:16,2026-05-26 5:30:40
277,F-47,147,17,EXP-147,17,Edge1,Forex edge,F,VISH_2,2026-05-26,5,NULL,NULL,1,1,1,5,NULL,NULL,NULL,TRUE,NULL,NULL,NULL,NULL,NULL,Accepted,ACCEPTED,NULL,2026-05-26 4:25:56,NULL,74afec46-26da-44b8-9fc6-25d3dbd5c51e,c2535d85-817f-4061-a65f-03848308a0d7,NULL,1000,NULL,NULL,NULL,FALSE,TYPE_CURRENCY_MATCHED,10,NULL,NULL,NULL,TRUE,Manager > Admin,2,NULL,0,NULL,NULL,NULL,NULL,NULL,4,96,997,Accepted,2026-05-26 4:25:56,2026-05-26 4:25:57,NULL,NULL,17,EMPLOYEE,5029,NULL,-1,SYSTEM_USER,NULL,1,NULL,FALSE,0,0,NULL,NULL,2026-05-26 4:21:23,2026-06-03 7:19:16,2026-05-26 4:21:43
273,F-43,144,17,EXP-144,17,Edge1,Forex edge,F,V123,2026-05-18,100,NULL,NULL,1,1,1,100,NULL,NULL,NULL,TRUE,NULL,NULL,NULL,NULL,NULL,Accepted,ACCEPTED,NULL,2026-05-25 10:05:05,NULL,74afec46-26da-44b8-9fc6-25d3dbd5c51e,c2535d85-817f-4061-a65f-03848308a0d7,NULL,1000,NULL,NULL,NULL,FALSE,TYPE_CURRENCY_MATCHED,10,NULL,NULL,NULL,TRUE,Manager > Admin,2,NULL,0,NULL,NULL,NULL,NULL,NULL,4,96,997,Accepted,2026-05-25 10:05:04,2026-05-25 10:05:06,NULL,NULL,17,EMPLOYEE,5029,NULL,-1,SYSTEM_USER,NULL,1,NULL,FALSE,0,0,NULL,NULL,2026-05-25 10:03:04,2026-06-03 7:19:16,2026-05-25 10:03:29
272,DM-61,143,8191,EXP-143,8191,Mobile/wifi,daily monthly expense,DM,577_A1,2026-05-24,300,NULL,NULL,1,1,1,300,NULL,NULL,NULL,TRUE,NULL,NULL,NULL,NULL,NULL,Accepted,ACCEPTED,NULL,2026-05-27 7:34:45,NULL,ad4883cd-baa7-4276-abf9-04e3a67a70e9,dcc24164-824e-4a31-80aa-6f1999214a8c,NULL,1000,1000,NULL,10000,TRUE,TYPE_CURRENCY_MATCHED,10,NULL,NULL,NULL,TRUE,Manager > Manager's Manager > Admin,3,test,0,NULL,NULL,NULL,NULL,NULL,5,96,997,Accepted,2026-05-27 7:34:45,2026-05-27 7:34:49,NULL,NULL,8191,EMPLOYEE,9011,NULL,-2,SYSTEM_USER,NULL,2,NULL,TRUE,6,0,NULL,NULL,2026-05-25 7:45:41,2026-07-06 10:40:33,2026-05-25 7:46:42
269,DM-60,141,8191,EXP-141,8191,Food,daily monthly expense,DM,577_A1,2026-05-21,4,NULL,NULL,1,1,0,0,NULL,NULL,NULL,TRUE,NULL,NULL,NULL,NULL,NULL,Rejected,REJECTED,NULL,NULL,2026-05-25 7:36:07,c88665ba-745d-4a4c-9ca4-4bb5fd8df685,a6e2c40a-c81e-4bdc-b73e-eb49eac0be2b,NULL,1000,NULL,NULL,NULL,TRUE,TYPE_CURRENCY_MATCHED,10,NULL,NULL,NULL,TRUE,Manager > Manager's Manager > Admin,3,NULL,1,REJECT,1,2026-05-25 7:36:07,2026-05-25 7:36:07,Reject,3,98,999,Rejected,2026-05-25 7:36:07,2026-05-25 7:36:08,NULL,NULL,8191,EMPLOYEE,9011,NULL,8192,EMPLOYEE,9012,NULL,NULL,TRUE,4,0,NULL,NULL,2026-05-25 7:33:36,2026-07-03 10:26:27,2026-05-25 7:33:50
268,DM-59,140,8191,EXP-140,8191,Food,daily monthly expense,DM,577_A1,2026-05-14,15,NULL,NULL,1,1,1,15,NULL,NULL,NULL,TRUE,NULL,NULL,NULL,NULL,NULL,Accepted,ACCEPTED,NULL,2026-06-10 9:24:55,NULL,c88665ba-745d-4a4c-9ca4-4bb5fd8df685,a6e2c40a-c81e-4bdc-b73e-eb49eac0be2b,NULL,1000,NULL,NULL,NULL,TRUE,TYPE_CURRENCY_MATCHED,10,NULL,NULL,NULL,TRUE,Manager > Manager's Manager > Admin,3,AD,1,FORWARD,1,2026-05-25 7:17:22,2026-05-25 7:17:22,Expense,5,96,997,Accepted,2026-06-10 9:24:55,2026-06-10 9:24:57,NULL,NULL,8191,EMPLOYEE,9011,NULL,-2,SYSTEM_USER,NULL,2,NULL,TRUE,3,0,NULL,NULL,2026-05-25 7:02:00,2026-07-06 11:48:15,2026-05-25 7:02:54
264,DM-56,138,17,EXP-138,17,petrol,daily monthly expense,DM,MIL113,2026-05-01,200,NULL,NULL,1,1,1,200,NULL,NULL,NULL,TRUE,MILE,2,100,NULL,NULL,Accepted,ACCEPTED,NULL,2026-05-25 6:42:09,NULL,bfc0a0e3-32b2-408d-a659-851b55fba649,847e2a41-a255-4f56-bca0-6f23cbedfafb,NULL,10000,10000,NULL,10000,TRUE,TYPE_CURRENCY_MATCHED,10,10,NULL,10,TRUE,Manager > Manager's Manager > Admin,3,NULL,0,NULL,NULL,NULL,NULL,NULL,5,96,997,Accepted,2026-05-25 6:42:09,2026-05-25 6:42:11,NULL,NULL,17,EMPLOYEE,5029,NULL,-1,SYSTEM_USER,NULL,1,NULL,FALSE,0,0,NULL,NULL,2026-05-25 6:38:26,2026-06-03 7:19:16,2026-05-25 6:38:39
263,F-40,137,17,EXP-137,17,Edge1,Forex edge,F,577_A1,2026-05-20,280,NULL,NULL,1,1,1,280,NULL,NULL,NULL,TRUE,NULL,NULL,NULL,NULL,NULL,Accepted,ACCEPTED,NULL,2026-05-25 6:44:22,NULL,74afec46-26da-44b8-9fc6-25d3dbd5c51e,c2535d85-817f-4061-a65f-03848308a0d7,NULL,1000,NULL,NULL,NULL,FALSE,TYPE_CURRENCY_MATCHED,10,NULL,NULL,NULL,TRUE,Manager > Admin,2,Duplicate expense,0,NULL,NULL,NULL,NULL,NULL,4,96,997,Accepted,2026-05-25 6:44:22,2026-05-25 6:44:23,NULL,NULL,17,EMPLOYEE,5029,NULL,-1,SYSTEM_USER,NULL,1,NULL,TRUE,1,0,NULL,NULL,2026-05-25 6:22:53,2026-07-06 10:40:33,2026-05-25 6:37:46
257,DM-53,136,8191,EXP-136,8191,petrol,daily monthly expense,DM,FUE8391,2026-05-13,300,NULL,NULL,1,1,1,300,NULL,NULL,NULL,TRUE,MILE,3,100,NULL,NULL,Accepted,ACCEPTED,NULL,2026-05-25 4:45:16,NULL,bfc0a0e3-32b2-408d-a659-851b55fba649,847e2a41-a255-4f56-bca0-6f23cbedfafb,NULL,10000,10000,NULL,10000,TRUE,TYPE_CURRENCY_MATCHED,10,10,NULL,10,TRUE,Manager > Manager's Manager > Admin,3,NULL,0,NULL,NULL,NULL,NULL,NULL,5,96,997,Accepted,2026-05-25 4:45:16,2026-05-25 4:45:17,NULL,NULL,8191,EMPLOYEE,9011,NULL,-1,SYSTEM_USER,NULL,1,NULL,FALSE,0,0,NULL,NULL,2026-05-25 4:43:39,2026-05-25 4:45:16,2026-05-25 4:44:00
256,DM-52,136,8191,EXP-136,8191,Food,daily monthly expense,DM,577_A1,2026-05-14,45,NULL,NULL,1,1,1,45,NULL,NULL,NULL,TRUE,NULL,NULL,NULL,NULL,NULL,Accepted,ACCEPTED,NULL,2026-05-25 4:45:16,NULL,c88665ba-745d-4a4c-9ca4-4bb5fd8df685,a6e2c40a-c81e-4bdc-b73e-eb49eac0be2b,NULL,1000,NULL,NULL,NULL,TRUE,TYPE_CURRENCY_MATCHED,10,NULL,NULL,NULL,TRUE,Manager > Manager's Manager > Admin,3,NULL,0,NULL,NULL,NULL,NULL,NULL,5,96,997,Accepted,2026-05-25 4:45:16,2026-05-25 4:45:17,NULL,NULL,8191,EMPLOYEE,9011,NULL,-1,SYSTEM_USER,NULL,1,NULL,FALSE,0,0,NULL,NULL,2026-05-25 4:42:58,2026-05-25 4:45:16,2026-05-25 4:44:00
253,DM-51,135,8191,EXP-135,8191,Food,daily monthly expense,DM,7721781746,2026-01-26,262,NULL,NULL,1,1,1,21,21,NULL,override,TRUE,NULL,NULL,NULL,NULL,NULL,Accepted,PAID,NULL,2026-05-20 12:50:20,NULL,c88665ba-745d-4a4c-9ca4-4bb5fd8df685,a6e2c40a-c81e-4bdc-b73e-eb49eac0be2b,NULL,1000,NULL,NULL,NULL,TRUE,TYPE_CURRENCY_MATCHED,10,NULL,NULL,NULL,TRUE,Manager > Manager's Manager > Admin,3,Advaita Donne Biryani House,3,ACCEPT,3,2026-05-20 12:50:20,2026-05-20 12:40:53,remark 3,5,96,997,Accepted,2026-05-20 12:50:20,2026-05-20 12:50:22,NULL,NULL,8191,EMPLOYEE,9011,NULL,-2,SYSTEM_USER,NULL,2,NULL,FALSE,0,1,override,2026-05-20 12:40:53,2026-05-20 12:36:42,2026-05-20 12:51:14,2026-05-20 12:38:51
251,DM-49,134,8191,EXP-134,8191,Food,daily monthly expense,DM,7721781746,2026-01-25,262,NULL,NULL,1,1,1,20,20,NULL,override,TRUE,NULL,NULL,NULL,NULL,NULL,Accepted,ACCEPTED,NULL,2026-05-20 11:40:10,NULL,c88665ba-745d-4a4c-9ca4-4bb5fd8df685,a6e2c40a-c81e-4bdc-b73e-eb49eac0be2b,NULL,1000,NULL,NULL,NULL,TRUE,TYPE_CURRENCY_MATCHED,10,NULL,NULL,NULL,TRUE,Manager > Manager's Manager > Admin,3,Advaita Donne Biryani House,2,FORWARD,2,2026-05-20 11:39:54,2026-05-20 11:36:04,remark 2,5,96,997,Accepted,2026-05-20 11:40:10,2026-05-20 11:40:11,NULL,NULL,8191,EMPLOYEE,9011,NULL,-1,SYSTEM_USER,NULL,1,NULL,FALSE,0,1,override,2026-05-20 11:36:04,2026-05-20 11:34:12,2026-05-20 11:41:08,2026-05-20 11:34:33
250,DM-48,133,8191,EXP-133,8191,Food,daily monthly expense,DM,7721781746,2026-01-25,262,NULL,NULL,1,1,1,25,25,NULL,override,TRUE,NULL,NULL,NULL,NULL,NULL,Accepted,ACCEPTED,NULL,2026-05-20 10:24:34,NULL,c88665ba-745d-4a4c-9ca4-4bb5fd8df685,a6e2c40a-c81e-4bdc-b73e-eb49eac0be2b,NULL,1000,NULL,NULL,NULL,TRUE,TYPE_CURRENCY_MATCHED,10,NULL,NULL,NULL,TRUE,Manager > Manager's Manager > Admin,3,Advaita Donne Biryani House,2,FORWARD,2,2026-05-20 10:19:49,2026-05-20 10:17:18,test,5,96,997,Accepted,2026-05-20 10:24:34,2026-05-20 10:24:36,NULL,NULL,8191,EMPLOYEE,9011,NULL,-2,SYSTEM_USER,NULL,2,NULL,FALSE,0,1,override,2026-05-20 10:17:18,2026-05-20 10:14:35,2026-05-20 11:38:58,2026-05-20 10:14:48
249,DM-47,132,8191,EXP-132,8191,Food,daily monthly expense,DM,NULL,2026-05-19,1,NULL,NULL,1,1,1,1,NULL,NULL,NULL,FALSE,NULL,NULL,NULL,NULL,NULL,Accepted,ACCEPTED,NULL,2026-05-19 11:54:44,NULL,c88665ba-745d-4a4c-9ca4-4bb5fd8df685,a6e2c40a-c81e-4bdc-b73e-eb49eac0be2b,NULL,1000,NULL,NULL,NULL,TRUE,TYPE_CURRENCY_MATCHED,10,NULL,NULL,NULL,TRUE,Manager > Manager's Manager > Admin,3,NULL,0,NULL,NULL,NULL,NULL,test,5,96,997,Accepted,2026-05-19 11:54:44,2026-05-19 11:54:45,NULL,NULL,8191,EMPLOYEE,9011,NULL,-2,SYSTEM_USER,NULL,2,NULL,FALSE,0,0,NULL,NULL,2026-05-19 11:50:16,2026-05-19 11:59:31,2026-05-19 11:50:33
247,DM-46,131,8191,EXP-131,8191,Food,daily monthly expense,DM,7721781746,2026-01-25,262,NULL,NULL,1,1,1,262,NULL,NULL,NULL,TRUE,NULL,NULL,NULL,NULL,NULL,Accepted,ACCEPTED,NULL,2026-05-19 4:08:14,NULL,c88665ba-745d-4a4c-9ca4-4bb5fd8df685,a6e2c40a-c81e-4bdc-b73e-eb49eac0be2b,NULL,1000,NULL,NULL,NULL,TRUE,TYPE_CURRENCY_MATCHED,10,NULL,NULL,NULL,TRUE,Manager > Manager's Manager > Admin,3,Advaita Donne Biryani House,2,FORWARD,2,2026-05-19 4:06:40,2026-05-18 12:20:05,test,5,96,997,Accepted,2026-05-19 4:08:14,2026-05-19 4:08:15,NULL,NULL,8191,EMPLOYEE,9011,NULL,-2,SYSTEM_USER,NULL,2,NULL,FALSE,0,0,NULL,NULL,2026-05-18 11:40:06,2026-05-19 4:54:52,2026-05-18 11:40:15
237,DEV-10,126,1,EXP-126,1,Dev 2,Development,DEV,NULL,2026-05-01,20,NULL,NULL,1,1,0,0,30,NULL,10 to 20 to 30,TRUE,KM,2,15,10,2,Rejected,REJECTED,NULL,NULL,2026-05-08 11:36:50,984a22a9-0f5a-43f2-8f4c-90c23309dcfc,d5d53b0b-4be9-4721-affa-5418bcd66add,NULL,10000,10000,NULL,40000,TRUE,TYPE_CURRENCY_MATCHED,5,5,NULL,5,TRUE,Manager > Manager's Manager > Admin,3,NULL,3,REJECT,3,2026-05-08 11:36:50,2026-05-08 11:32:37,Rejecting at admin,5,98,999,Rejected,2026-05-08 11:36:50,2026-05-08 11:36:52,NULL,NULL,1,EMPLOYEE,5002,NULL,-1,SYSTEM_USER,NULL,1,NULL,FALSE,0,2,10 to 20 to 30,2026-05-08 11:35:28,2026-05-08 11:25:15,2026-05-08 11:36:51,2026-05-08 11:27:55
236,DM-39,125,8191,EXP-125,8191,petrol,daily monthly expense,DM,436507872182,2026-04-21,2000,NULL,NULL,1,1,0,0,NULL,NULL,NULL,TRUE,MILE,20,100,NULL,NULL,Rejected,REJECTED,NULL,NULL,2026-05-18 12:21:54,bfc0a0e3-32b2-408d-a659-851b55fba649,847e2a41-a255-4f56-bca0-6f23cbedfafb,NULL,10000,10000,NULL,10000,TRUE,TYPE_CURRENCY_MATCHED,10,10,NULL,10,TRUE,Manager > Manager's Manager > Admin,3,PETROL BILL,1,REJECT,1,2026-05-18 12:21:54,2026-05-18 12:21:54,reject,3,98,999,Rejected,2026-05-18 12:21:54,2026-05-18 12:21:55,NULL,NULL,8191,EMPLOYEE,9011,NULL,8192,EMPLOYEE,9012,NULL,NULL,FALSE,0,0,NULL,NULL,2026-05-08 11:24:48,2026-05-18 12:21:54,2026-05-08 11:27:49
233,DM-36,123,8191,EXP-123,8191,petrol,daily monthly expense,DM,NULL,2026-05-01,100,NULL,NULL,1,1,1,40,40,NULL,100 to 50 to 40,TRUE,MILE,1,40,100,1,Accepted,PAID,NULL,2026-05-08 11:20:21,NULL,bfc0a0e3-32b2-408d-a659-851b55fba649,847e2a41-a255-4f56-bca0-6f23cbedfafb,NULL,10000,10000,NULL,10000,TRUE,TYPE_CURRENCY_MATCHED,10,10,NULL,10,TRUE,Manager > Manager's Manager > Admin,3,NULL,1,FORWARD,1,2026-05-08 11:08:20,2026-05-08 11:08:20,NULL,5,96,997,Accepted,2026-05-08 11:20:21,2026-05-08 11:20:22,NULL,NULL,8191,EMPLOYEE,9011,NULL,-2,SYSTEM_USER,NULL,2,NULL,FALSE,0,2,100 to 50 to 40,2026-05-08 11:20:21,2026-05-08 10:59:22,2026-06-03 8:54:07,2026-05-08 11:02:31
223,DM-27,113,1,EXP-113,1,petrol,daily monthly expense,DM,NULL,2026-05-01,200,NULL,NULL,1,1,1,200,NULL,NULL,NULL,TRUE,MILE,2,100,NULL,NULL,Accepted,ACCEPTED,NULL,2026-06-23 18:01:37,NULL,bfc0a0e3-32b2-408d-a659-851b55fba649,847e2a41-a255-4f56-bca0-6f23cbedfafb,NULL,10000,10000,NULL,10000,TRUE,TYPE_CURRENCY_MATCHED,10,10,NULL,10,TRUE,Manager > Manager's Manager > Admin,3,NULL,1,ACCEPT,3,2026-06-23 18:01:37,2026-06-23 18:01:37,Remarks test,5,96,997,Accepted,2026-06-23 18:01:37,2026-06-23 18:01:39,NULL,NULL,1,EMPLOYEE,5002,NULL,-2,SYSTEM_USER,NULL,2,NULL,FALSE,0,0,NULL,NULL,2026-05-04 12:31:57,2026-06-23 18:01:37,2026-05-04 12:32:20
192,LD-20,87,8191,EXP-87,8191,Certification Fee,Learning and Development,LD,NULL,2026-03-18,33,NULL,NULL,1,1,1,33,NULL,NULL,NULL,TRUE,NULL,NULL,NULL,NULL,NULL,Accepted,ACCEPTED,NULL,2026-06-03 7:15:13,NULL,dcdce78c-ef78-4a0a-bf62-34ee066177b2,90317c9d-108f-4f7a-884c-135f5e609f83,NULL,300,NULL,NULL,NULL,TRUE,TYPE_CURRENCY_MATCHED,3,NULL,NULL,NULL,TRUE,Manager > Manager's Manager > Admin,3,NULL,0,NULL,NULL,NULL,NULL,NULL,24,96,997,Accepted,2026-06-03 7:15:13,2026-06-03 7:15:16,NULL,NULL,8191,EMPLOYEE,9011,NULL,-1,SYSTEM_USER,NULL,1,NULL,FALSE,0,0,NULL,NULL,2026-03-24 17:44:19,2026-06-03 7:15:13,2026-03-24 17:44:32
182,F-32,78,8191,EXP-78,8191,multicurrencytest,Forex edge,F,567,2026-03-24,4,NULL,NULL,41,1,0,0,NULL,NULL,NULL,TRUE,NULL,NULL,NULL,NULL,NULL,Rejected,REJECTED,NULL,NULL,2026-03-24 10:18:37,0c669a7a-785a-4acf-bd22-2815a948949d,b37c4573-0278-40d6-8764-bc7c9eba6eae,NULL,10000,10000,NULL,10000,FALSE,TYPE_CURRENCY_MATCHED,5,NULL,NULL,NULL,TRUE,Manager > Admin,2,RT,1,REJECT,1,2026-03-24 10:18:37,2026-03-24 10:18:37,Rejected,3,98,999,Rejected,2026-03-24 10:18:37,2026-03-24 10:18:38,NULL,NULL,8191,EMPLOYEE,9011,NULL,8192,EMPLOYEE,9012,NULL,NULL,FALSE,0,0,NULL,NULL,2026-03-24 10:17:01,2026-03-24 10:18:37,2026-03-24 10:17:14
181,DM-3,77,8191,EXP-77,8191,Food1,daily monthly expense,DM,7721781746,2026-01-25,262,NULL,NULL,1,1,1,262,NULL,NULL,NULL,TRUE,NULL,NULL,NULL,NULL,NULL,Accepted,PAID,NULL,2026-03-24 10:19:32,NULL,0f0441e9-fda6-43ee-a297-691f12f9f5f8,4e4764ea-49b2-4ccd-a2c2-d189ef36f9bc,NULL,1000,1000,NULL,1000,TRUE,TYPE_CURRENCY_MATCHED,10,NULL,NULL,NULL,TRUE,Manager > Manager's Manager > Admin,3,Advaita Donne Biryani House,1,FORWARD,1,2026-03-24 10:13:07,2026-03-24 10:13:07,test 1,5,96,997,Accepted,2026-03-24 10:19:32,2026-03-24 10:19:34,NULL,NULL,8191,EMPLOYEE,9011,NULL,-2,SYSTEM_USER,NULL,2,NULL,FALSE,0,0,NULL,NULL,2026-03-24 10:10:55,2026-03-24 10:19:58,2026-03-24 10:11:35
180,F-31,75,8191,EXP-75,8191,multicurrencytest,Forex edge,F,NULL,2026-03-24,5,NULL,NULL,41,1,1,5,NULL,NULL,NULL,TRUE,NULL,NULL,NULL,NULL,NULL,Accepted,PAID,NULL,2026-03-24 10:13:22,NULL,0c669a7a-785a-4acf-bd22-2815a948949d,b37c4573-0278-40d6-8764-bc7c9eba6eae,NULL,10000,10000,NULL,10000,FALSE,TYPE_CURRENCY_MATCHED,5,NULL,NULL,NULL,TRUE,Manager > Admin,2,NULL,0,NULL,NULL,NULL,NULL,PenexFIXX,4,96,997,Accepted,2026-03-24 10:13:22,2026-03-24 10:13:23,NULL,NULL,8191,EMPLOYEE,9011,NULL,-2,SYSTEM_USER,NULL,2,NULL,FALSE,0,0,NULL,NULL,2026-03-24 10:10:17,2026-03-24 10:14:02,2026-03-24 10:10:38
179,F-30,75,8191,EXP-75,8191,multicurrencytest,Forex edge,F,NULL,2026-03-24,13,NULL,NULL,1,1,1,13,NULL,NULL,NULL,TRUE,NULL,NULL,NULL,NULL,NULL,Accepted,PAID,NULL,2026-03-24 10:13:22,NULL,0c669a7a-785a-4acf-bd22-2815a948949d,b37c4573-0278-40d6-8764-bc7c9eba6eae,NULL,1000,1000,NULL,1000,FALSE,TYPE_CURRENCY_MATCHED,5,NULL,NULL,NULL,TRUE,Manager > Admin,2,NULL,0,NULL,NULL,NULL,NULL,PenexFIXX,4,96,997,Accepted,2026-03-24 10:13:22,2026-03-24 10:13:23,NULL,NULL,8191,EMPLOYEE,9011,NULL,-2,SYSTEM_USER,NULL,2,NULL,FALSE,0,0,NULL,NULL,2026-03-24 10:09:51,2026-03-24 10:14:02,2026-03-24 10:10:38
176,F-28,73,8191,EXP-73,8191,Edge1,Forex edge,F,S291252618933757,2026-03-16,14,NULL,NULL,1,1,1,14,NULL,NULL,NULL,TRUE,NULL,NULL,NULL,NULL,NULL,Accepted,ACCEPTED,NULL,2026-03-24 10:33:51,NULL,74afec46-26da-44b8-9fc6-25d3dbd5c51e,c2535d85-817f-4061-a65f-03848308a0d7,NULL,1000,NULL,NULL,NULL,FALSE,TYPE_CURRENCY_MATCHED,10,NULL,NULL,NULL,TRUE,Manager > Admin,2,Jio,0,NULL,NULL,NULL,NULL,testing,4,96,997,Accepted,2026-03-24 10:33:51,2026-03-24 10:33:52,NULL,NULL,8191,EMPLOYEE,9011,NULL,-2,SYSTEM_USER,NULL,2,NULL,FALSE,0,0,NULL,NULL,2026-03-24 8:03:29,2026-03-24 10:33:51,2026-03-24 8:03:54
175,DM-2,72,8191,EXP-72,8191,Mobile/wifi,daily monthly expense,DM,S291252618933757,2026-03-16,1414.82,NULL,NULL,1,1,1,1414.8,1414.8,NULL,overriding test,TRUE,NULL,NULL,NULL,NULL,NULL,Accepted,PAID,NULL,2026-03-24 8:22:01,NULL,ad4883cd-baa7-4276-abf9-04e3a67a70e9,dcc24164-824e-4a31-80aa-6f1999214a8c,NULL,1000,1000,NULL,10000,TRUE,TYPE_CURRENCY_MATCHED,10,NULL,NULL,NULL,TRUE,Manager > Manager's Manager > Admin,3,Jio,1,FORWARD,1,2026-03-24 8:14:20,2026-03-24 8:14:20,ocr flow testing,5,96,997,Accepted,2026-03-24 8:22:01,2026-03-24 8:22:02,NULL,NULL,8191,EMPLOYEE,9011,NULL,-2,SYSTEM_USER,NULL,2,NULL,FALSE,0,2,overriding test,2026-03-24 8:22:01,2026-03-24 8:02:17,2026-03-24 8:22:41,2026-03-24 8:02:29
163,DEV-7,65,1,EXP-65,1,Dev 2,Development,DEV,NULL,2026-03-20,10,NULL,NULL,1,1,0,0,NULL,NULL,NULL,FALSE,KM,1,10,NULL,NULL,Rejected,FORWARDED,NULL,NULL,NULL,984a22a9-0f5a-43f2-8f4c-90c23309dcfc,d5d53b0b-4be9-4721-affa-5418bcd66add,NULL,10000,10000,NULL,40000,TRUE,TYPE_CURRENCY_MATCHED,5,5,NULL,5,TRUE,Manager > Manager's Manager > Admin,3,NULL,1,REJECT,1,2026-03-20 13:07:07,2026-03-20 13:07:07,NULL,2,2,3,Forwarded,2026-03-20 13:05:31,2026-03-20 13:07:07,NULL,NULL,5,EMPLOYEE,5014,NULL,5,EMPLOYEE,5014,NULL,,FALSE,0,0,NULL,NULL,2026-03-20 13:04:29,2026-03-20 13:07:07,2026-03-20 13:05:30
146,F-20,61,8191,EXP-61,8191,Internet,Forex edge,F,NULL,2026-03-13,100,NULL,NULL,2,2,1,101,101,NULL,overrrrrrrrriding,FALSE,NULL,NULL,NULL,NULL,NULL,Accepted,ACCEPTED,NULL,2026-03-24 8:18:26,NULL,6c71d6c4-ac4c-4027-8503-24ab5884476c,b230fab9-9215-4d68-a164-0e4881177275,NULL,10000,10000,NULL,10000,FALSE,TYPE_CURRENCY_MATCHED,5,NULL,NULL,NULL,TRUE,Manager > Manager's Manager,2,NULL,0,NULL,NULL,NULL,NULL,forward test,4,96,997,Accepted,2026-03-24 8:18:26,2026-03-24 8:18:27,NULL,NULL,8191,EMPLOYEE,9011,NULL,8193,EMPLOYEE,9013,NULL,NULL,FALSE,0,1,overrrrrrrrriding,2026-03-24 8:18:26,2026-03-13 10:28:32,2026-03-24 8:18:26,2026-03-13 10:28:40
143,F-17,62,8192,EXP-62,8192,Internet,Forex edge,F,NULL,2026-03-11,600,NULL,NULL,2,41,1,600,NULL,NULL,NULL,FALSE,NULL,NULL,NULL,NULL,NULL,Accepted,PAYMENT_REVERSED,NULL,2026-03-13 14:54:40,NULL,6c71d6c4-ac4c-4027-8503-24ab5884476c,b230fab9-9215-4d68-a164-0e4881177275,NULL,10000,10000,NULL,10000,FALSE,TYPE_CURRENCY_MATCHED,5,NULL,NULL,NULL,TRUE,Manager > Manager's Manager,2,NULL,0,NULL,NULL,NULL,NULL,fh,4,96,997,Accepted,2026-03-13 14:54:40,2026-03-13 14:54:41,NULL,NULL,8192,EMPLOYEE,9012,NULL,-1,SYSTEM_USER,NULL,1,NULL,FALSE,0,0,NULL,NULL,2026-03-13 10:03:17,2026-06-22 10:37:34,2026-03-13 10:30:26
130,UAT-9,58,8191,EXP-58,8191,UAT1,UAT defects,UAT,5667,2026-03-11,56,NULL,NULL,1,1,0,0,NULL,NULL,NULL,TRUE,NULL,NULL,NULL,NULL,NULL,Rejected,REJECTED,NULL,NULL,2026-03-11 9:39:15,b8fe6077-33fd-4f1e-92cb-31c4c9d58ff7,d5bb697e-1e6c-474c-bafa-15255c4ba4db,NULL,0,0,NULL,0,TRUE,TYPE_CURRENCY_MATCHED,NULL,10,NULL,NULL,TRUE,Manager > Manager's Manager > Admin,3,NULL,1,REJECT,1,2026-03-11 9:39:15,2026-03-11 9:39:15,DH0,3,98,999,Rejected,2026-03-11 9:39:15,2026-03-11 9:39:16,NULL,NULL,8191,EMPLOYEE,9011,NULL,8192,EMPLOYEE,9012,NULL,NULL,FALSE,0,0,NULL,NULL,2026-03-11 9:37:17,2026-03-11 9:39:15,2026-03-11 9:37:59
129,FT-25,57,8191,EXP-57,8191,multipleCurrency,ForexTesting,FT,478,2026-03-11,3,NULL,NULL,34,1,0,0,4,NULL,override reject,TRUE,NULL,NULL,NULL,NULL,NULL,Rejected,PAID,NULL,2026-03-11 9:41:36,NULL,e3cd3a0d-b612-4881-9794-875b6424bb71,2186d803-11a0-45d9-9533-c7eecf52f192,NULL,2000,2000,NULL,2000,FALSE,TYPE_CURRENCY_MATCHED,5,NULL,NULL,NULL,TRUE,Manager > Admin,2,NULL,1,REJECT,1,2026-03-11 9:39:52,2026-03-11 9:39:52,tes,4,96,997,Accepted,2026-03-11 9:41:36,2026-03-11 9:41:37,NULL,NULL,8191,EMPLOYEE,9011,NULL,-2,SYSTEM_USER,NULL,2,NULL,FALSE,0,1,override reject,2026-03-11 9:39:52,2026-03-11 9:35:36,2026-03-11 9:39:52,2026-03-11 9:37:58
126,FT-23,55,8191,EXP-55,8191,multipleCurrency,ForexTesting,FT,NULL,2026-03-11,5,NULL,NULL,34,1,0,0,NULL,NULL,NULL,FALSE,NULL,NULL,NULL,NULL,NULL,Rejected,FORWARDED,NULL,NULL,NULL,e3cd3a0d-b612-4881-9794-875b6424bb71,2186d803-11a0-45d9-9533-c7eecf52f192,NULL,2000,2000,NULL,2000,FALSE,TYPE_CURRENCY_MATCHED,5,NULL,NULL,NULL,TRUE,Manager > Admin,2,NULL,1,REJECT,1,2026-03-12 5:12:39,2026-03-12 5:12:39,reject2,3,2,6,Forwarded,2026-03-12 5:12:39,2026-03-24 9:28:52,NULL,NULL,-2,SYSTEM_USER,NULL,2,-2,SYSTEM_USER,NULL,2,NULL,FALSE,0,0,NULL,NULL,2026-03-11 9:34:33,2026-03-12 5:12:39,2026-03-11 9:36:58
124,FT-26,57,8191,EXP-57,8191,multipleCurrency,ForexTesting,FT,NULL,2026-03-11,5,NULL,NULL,41,1,1,6,6,NULL,forex,TRUE,NULL,NULL,NULL,NULL,NULL,Accepted,PAID,NULL,2026-03-11 9:41:36,NULL,e3cd3a0d-b612-4881-9794-875b6424bb71,2186d803-11a0-45d9-9533-c7eecf52f192,NULL,10000,10000,NULL,10000,FALSE,TYPE_CURRENCY_MATCHED,5,NULL,NULL,NULL,TRUE,Manager > Admin,2,Eterna,1,FORWARD,1,2026-03-11 9:39:52,2026-03-11 9:39:52,tes,4,96,997,Accepted,2026-03-11 9:41:36,2026-03-11 9:41:37,NULL,NULL,8191,EMPLOYEE,9011,NULL,-2,SYSTEM_USER,NULL,2,NULL,FALSE,0,1,forex,2026-03-11 9:39:52,2026-03-11 9:33:30,2026-03-11 9:42:12,2026-03-11 9:37:58
122,FT-20,53,8191,EXP-53,8191,multipleCurrency,ForexTesting,FT,NULL,2026-03-06,111.79,NULL,NULL,41,1,1,100,100,NULL,test forest mobile,TRUE,NULL,NULL,NULL,NULL,NULL,Accepted,PAYMENT_REVERSED,NULL,2026-03-11 9:40:27,NULL,e3cd3a0d-b612-4881-9794-875b6424bb71,2186d803-11a0-45d9-9533-c7eecf52f192,NULL,10000,10000,NULL,10000,FALSE,TYPE_CURRENCY_MATCHED,5,NULL,NULL,NULL,TRUE,Manager > Admin,2,Jio,0,NULL,NULL,NULL,NULL,forex,4,96,997,Accepted,2026-03-11 9:40:27,2026-03-11 9:40:28,NULL,NULL,8191,EMPLOYEE,9011,NULL,-2,SYSTEM_USER,NULL,2,NULL,FALSE,0,2,test forest mobile,2026-03-11 9:40:27,2026-03-11 9:24:53,2026-03-11 9:42:12,2026-03-11 9:27:12
106,FT-9,76,8191,EXP-76,8191,multipleCurrency,ForexTesting,FT,NULL,2026-03-06,20,NULL,NULL,34,1,1,20,NULL,NULL,NULL,FALSE,NULL,NULL,NULL,NULL,NULL,Accepted,ACCEPTED,NULL,2026-03-24 10:15:08,NULL,e3cd3a0d-b612-4881-9794-875b6424bb71,2186d803-11a0-45d9-9533-c7eecf52f192,NULL,2000,2000,NULL,2000,FALSE,TYPE_CURRENCY_MATCHED,5,NULL,NULL,NULL,TRUE,Manager > Admin,2,NULL,1,FORWARD,1,2026-03-24 10:13:29,2026-03-24 10:13:29,Poornimaa,4,96,997,Accepted,2026-03-24 10:15:08,2026-03-24 10:15:10,NULL,NULL,8191,EMPLOYEE,9011,NULL,-2,SYSTEM_USER,NULL,2,NULL,FALSE,0,0,NULL,NULL,2026-03-06 9:50:48,2026-03-24 10:15:09,2026-03-24 10:11:33
105,FT-8,46,8191,EXP-46,8191,multipleCurrency,ForexTesting,FT,159,2026-03-06,119,NULL,NULL,41,1,1,118,118,NULL,test,TRUE,NULL,NULL,NULL,NULL,NULL,Accepted,PAID,NULL,2026-03-06 9:50:38,NULL,e3cd3a0d-b612-4881-9794-875b6424bb71,2186d803-11a0-45d9-9533-c7eecf52f192,NULL,10000,10000,NULL,10000,FALSE,TYPE_CURRENCY_MATCHED,5,NULL,NULL,NULL,TRUE,Manager > Admin,2,NULL,0,NULL,NULL,NULL,NULL,NULL,4,96,997,Accepted,2026-03-06 9:50:38,2026-03-06 9:50:39,NULL,NULL,8191,EMPLOYEE,9011,NULL,-2,SYSTEM_USER,NULL,2,NULL,FALSE,0,1,test,2026-03-06 9:50:38,2026-03-06 9:40:13,2026-03-11 12:36:25,2026-03-06 9:47:18
102,FT-7,43,8191,EXP-43,8191,two wheeler,ForexTesting,FT,464509975652,2026-03-06,104,NULL,NULL,2,2,0,0,NULL,NULL,NULL,TRUE,KM,5.2,20,NULL,NULL,Rejected,REJECTED,NULL,NULL,2026-03-06 7:27:49,1259c2b2-5b2c-470e-aacb-4428edf573aa,bc8c5e22-49c6-49a0-b54b-d7303b2c39fe,NULL,1000,1000,NULL,10000,FALSE,TYPE_CURRENCY_MATCHED,5,NULL,NULL,NULL,TRUE,Manager > Manager's Manager,2,Jio,1,REJECT,1,2026-03-06 7:27:49,2026-03-06 7:27:49,test,3,98,999,Rejected,2026-03-06 7:27:49,2026-03-06 7:27:51,NULL,NULL,8191,EMPLOYEE,9011,NULL,8192,EMPLOYEE,9012,NULL,NULL,FALSE,0,0,NULL,NULL,2026-03-06 7:22:23,2026-03-06 7:27:49,2026-03-06 7:23:04
95,FT-5,42,8191,EXP-42,8191,two wheeler,ForexTesting,FT,33,2026-03-05,120,NULL,NULL,2,1,1,132,132,NULL,test override,FALSE,KM,6,22,20,6,Accepted,ACCEPTED,NULL,2026-03-05 12:59:32,NULL,1259c2b2-5b2c-470e-aacb-4428edf573aa,bc8c5e22-49c6-49a0-b54b-d7303b2c39fe,NULL,1000,1000,NULL,10000,FALSE,TYPE_CURRENCY_MATCHED,5,NULL,NULL,NULL,TRUE,Manager > Manager's Manager,2,33,1,FORWARD,1,2026-03-05 12:54:38,2026-03-05 12:54:38,test2,4,96,997,Accepted,2026-03-05 12:59:32,2026-03-05 12:59:34,NULL,NULL,8191,EMPLOYEE,9011,NULL,8193,EMPLOYEE,9013,NULL,NULL,FALSE,0,1,test override,2026-03-05 12:59:32,2026-03-05 7:16:24,2026-03-05 12:59:32,2026-03-05 12:19:57
93,F-3,40,8191,EXP-40,8191,Edge2,Forex edge,F,NULL,2026-03-03,2.45,NULL,NULL,41,1,0,0,NULL,NULL,NULL,TRUE,MILE,1,2.45,NULL,NULL,Rejected,PAID,NULL,2026-03-03 9:49:59,NULL,74afec46-26da-44b8-9fc6-25d3dbd5c51e,c2535d85-817f-4061-a65f-03848308a0d7,NULL,1000,NULL,NULL,NULL,FALSE,TYPE_CURRENCY_MATCHED,10,NULL,NULL,NULL,TRUE,Manager > Admin,2,NULL,1,REJECT,2,2026-03-03 9:49:59,2026-03-03 9:49:59,"2 approved , 1 Rejected [2.45]",0,NULL,NULL,NULL,NULL,NULL,NULL,NULL,NULL,NULL,NULL,NULL,NULL,NULL,NULL,NULL,NULL,FALSE,0,0,NULL,NULL,2026-03-03 9:43:55,2026-03-03 9:50:00,2026-03-03 9:44:54
92,F-2,40,8191,EXP-40,8191,Edge2,Forex edge,F,rt,2026-03-03,7.35,NULL,NULL,41,1,1,7.35,NULL,NULL,NULL,TRUE,MILE,3,2.45,NULL,NULL,Accepted,PAID,NULL,2026-03-03 9:49:59,NULL,74afec46-26da-44b8-9fc6-25d3dbd5c51e,c2535d85-817f-4061-a65f-03848308a0d7,NULL,1000,NULL,NULL,NULL,FALSE,TYPE_CURRENCY_MATCHED,10,NULL,NULL,NULL,TRUE,Manager > Admin,2,NULL,0,NULL,NULL,NULL,NULL,"2 approved , 1 Rejected [2.45]",0,NULL,NULL,NULL,NULL,NULL,NULL,NULL,NULL,NULL,NULL,NULL,NULL,NULL,NULL,NULL,NULL,FALSE,0,0,NULL,NULL,2026-03-03 9:43:36,2026-03-03 9:58:03,2026-03-03 9:44:54
91,F-1,40,8191,EXP-40,8191,Edge1,Forex edge,F,345,2026-03-03,140.34,NULL,NULL,1,1,1,150,150,NULL,OR,TRUE,NULL,NULL,NULL,NULL,NULL,Accepted,PAID,NULL,2026-03-03 9:49:59,NULL,74afec46-26da-44b8-9fc6-25d3dbd5c51e,c2535d85-817f-4061-a65f-03848308a0d7,NULL,1000,NULL,NULL,NULL,FALSE,TYPE_CURRENCY_MATCHED,10,NULL,NULL,NULL,TRUE,Manager > Admin,2,NULL,0,NULL,NULL,NULL,NULL,"2 approved , 1 Rejected [2.45]",0,NULL,NULL,NULL,NULL,NULL,NULL,NULL,NULL,NULL,NULL,NULL,NULL,NULL,NULL,NULL,NULL,FALSE,0,1,OR,2026-03-03 9:47:22,2026-03-03 9:42:49,2026-03-03 9:58:03,2026-03-03 9:44:54
84,UAT-7,34,8191,EXP-34,8191,UAT2,UAT defects,UAT,NULL,2026-02-27,23,NULL,NULL,1,1,1,23,NULL,NULL,NULL,FALSE,NULL,NULL,NULL,NULL,NULL,Accepted,ACCEPTED,NULL,2026-02-27 5:41:27,NULL,f8834a4e-039c-4aaa-927a-bb1eefd706f4,9ea32bf3-371f-45cb-9437-4c40ea8c4f65,NULL,100,500,NULL,1000,TRUE,TYPE_CURRENCY_MATCHED,5,10,NULL,10,TRUE,Manager > Admin,2,NULL,0,NULL,NULL,NULL,NULL,NULL,0,NULL,NULL,NULL,NULL,NULL,NULL,NULL,NULL,NULL,NULL,NULL,NULL,NULL,NULL,NULL,NULL,FALSE,0,0,NULL,NULL,2026-02-27 5:39:42,2026-02-27 5:41:27,2026-02-27 5:40:18
32,OOM-2,13,17,EXP-13,17,OOM-Type2,TestOOM Category,OOM,1000,2026-01-28,1123.4,NULL,NULL,1,1,1,100,100,NULL,R2,TRUE,KM,10,112.34,NULL,NULL,Accepted,COMPLETED,NULL,2026-01-28 7:58:56,NULL,8e83b1a9-5c85-4aa8-bbe3-1f10908f948d,9c6eb77e-a328-46f6-95fe-20340355ae11,NULL,500,5000,NULL,20000,TRUE,TYPE_FLAT_FALLBACK,2,5,NULL,20,TRUE,Manager > Admin,2,Vish1,0,NULL,NULL,NULL,NULL,Remarks,0,NULL,NULL,NULL,NULL,NULL,NULL,NULL,NULL,NULL,NULL,NULL,NULL,NULL,NULL,NULL,NULL,FALSE,0,2,R2,2026-01-28 7:58:49,2026-01-28 6:09:24,2026-01-28 7:58:57,2026-01-28 6:09:53
31,OOM-1,13,17,EXP-13,17,OOM Type-1,TestOOM Category,OOM,AD9920,2026-01-28,1000,NULL,NULL,1,1,0,0,NULL,NULL,NULL,TRUE,NULL,NULL,NULL,NULL,NULL,Rejected,COMPLETED,NULL,2026-01-28 7:58:56,NULL,8e83b1a9-5c85-4aa8-bbe3-1f10908f948d,9c6eb77e-a328-46f6-95fe-20340355ae11,NULL,500,5000,NULL,20000,TRUE,TYPE_FLAT_FALLBACK,2,5,NULL,20,TRUE,Manager > Admin,2,NULL,1,REJECT,1,2026-01-28 6:19:07,2026-01-28 6:19:07,Remarks,0,NULL,NULL,NULL,NULL,NULL,NULL,NULL,NULL,NULL,NULL,NULL,NULL,NULL,NULL,NULL,NULL,FALSE,0,0,NULL,NULL,2026-01-28 6:06:56,2026-01-28 6:19:08,2026-01-28 6:09:53
24,DM-102,184,1,EXP-184,1,Food,daily monthly expense,DM,fyi3,2026-06-10,1000,NULL,NULL,1,1,1,1000,NULL,NULL,NULL,TRUE,NULL,NULL,NULL,NULL,NULL,Accepted,ACCEPTED,NULL,2026-06-18 12:42:26,NULL,2384c575-9757-46de-8b27-ae53c3faf1d7,12d85357-7731-4bda-b3f8-8a0d7ffd2f6d,NULL,500,NULL,NULL,NULL,TRUE,TYPE_CURRENCY_MATCHED,5,NULL,NULL,NULL,TRUE,Manager > Manager's Manager > Admin,3,NULL,0,NULL,NULL,NULL,NULL,NULL,3,96,997,Accepted,2026-06-18 12:42:26,2026-06-18 12:42:27,NULL,NULL,1,EMPLOYEE,5002,NULL,5,EMPLOYEE,5014,NULL,NULL,FALSE,0,0,NULL,NULL,2026-01-12 12:22:05,2026-07-06 11:24:38,2026-06-16 4:04:02
5,LD-5,5,1,EXP-5,1,Books,Learning and Development,LD,Bill 4,2025-11-28,100,NULL,NULL,1,1,1,100,NULL,NULL,NULL,TRUE,NULL,NULL,NULL,NULL,NULL,Accepted,ACCEPTED,NULL,2025-11-28 11:59:15,NULL,ae0a41c9-58dc-427b-8fed-80cd8ab59b3f,fafffda5-4ea2-4e11-8ff6-605c46ac4939,NULL,NULL,10000,NULL,NULL,FALSE,TYPE_FLAT_FALLBACK,NULL,10,NULL,NULL,FALSE,Manager > Manager's Manager,2,NULL,0,NULL,NULL,NULL,NULL,confirmed by Majordomo,0,NULL,NULL,NULL,NULL,NULL,NULL,NULL,NULL,NULL,NULL,NULL,NULL,NULL,NULL,NULL,NULL,FALSE,0,0,NULL,NULL,2025-11-28 11:55:44,2025-11-28 11:59:15,2025-11-28 11:56:08
3,LD-3,3,1,EXP-3,1,Books,Learning and Development,LD,Bill 3P,2025-11-25,150,NULL,NULL,41,41,1,150,NULL,NULL,NULL,TRUE,NULL,NULL,NULL,NULL,NULL,Accepted,ACCEPTED,NULL,2025-11-25 10:54:23,NULL,ae0a41c9-58dc-427b-8fed-80cd8ab59b3f,fafffda5-4ea2-4e11-8ff6-605c46ac4939,NULL,NULL,10000,NULL,NULL,FALSE,TYPE_FLAT_FALLBACK,NULL,10,NULL,NULL,FALSE,Manager > Manager's Manager,2,NULL,2,ACCEPT,2,2025-11-25 10:54:23,2025-11-25 10:46:59,Forwarded,0,NULL,NULL,NULL,NULL,NULL,NULL,NULL,NULL,NULL,NULL,NULL,NULL,NULL,NULL,NULL,NULL,FALSE,0,0,NULL,NULL,2025-11-25 10:45:37,2025-11-25 10:54:23,2025-11-25 10:45:41
2,LD-2,2,1,EXP-2,1,Books,Learning and Development,LD,Bill 2,2025-11-25,25,NULL,NULL,41,41,1,30,30,NULL,remarks while override,FALSE,NULL,NULL,NULL,NULL,NULL,Accepted,PAID,NULL,2025-11-25 10:38:11,NULL,ae0a41c9-58dc-427b-8fed-80cd8ab59b3f,fafffda5-4ea2-4e11-8ff6-605c46ac4939,NULL,NULL,10000,NULL,NULL,FALSE,TYPE_FLAT_FALLBACK,NULL,10,NULL,NULL,FALSE,Manager > Manager's Manager,2,NULL,1,ACCEPT,1,2025-11-25 10:38:11,2025-11-25 10:38:11,Submit 30,0,NULL,NULL,NULL,NULL,NULL,NULL,NULL,NULL,NULL,NULL,NULL,NULL,NULL,NULL,NULL,NULL,FALSE,0,1,remarks while override,2025-11-25 10:37:46,2025-11-25 10:35:59,2025-11-25 10:38:11,2025-11-25 10:36:04